Symbol,Timestamp,Open,High,Low,Close,Volume
AAPL,['2022-01-03 00:00:00'],177.83,182.88,177.71,182.01,112486091
AAPL,['2022-01-04 00:00:00'],182.64,182.94,179.12,179.7,106090378
AAPL,['2022-01-05 00:00:00'],179.61,180.17,174.64,174.92,95142198
AAPL,['2022-01-06 00:00:00'],172.7,175.3,171.64,172,103899632
AAPL,['2022-01-07 00:00:00'],172.89,174.14,171.03,172.17,94554334
AAPL,['2022-01-10 00:00:00'],169.08,172.5,168.17,172.19,117005143
AAPL,['2022-01-11 00:00:00'],172.32,175.18,170.82,175.08,82100070
AAPL,['2022-01-12 00:00:00'],176.12,177.18,174.82,175.53,79502421
AAPL,['2022-01-13 00:00:00'],175.79,176.62,171.79,172.19,92057866
AAPL,['2022-01-14 00:00:00'],171.34,173.78,171.09,173.07,87780214
AAPL,['2022-01-18 00:00:00'],171.51,172.54,169.405,169.8,102183802
AAPL,['2022-01-19 00:00:00'],170,171.08,165.94,166.23,101688620
AAPL,['2022-01-20 00:00:00'],166.98,169.68,164.18,164.51,96630645
AAPL,['2022-01-21 00:00:00'],164.415,166.33,162.3,162.41,135494794
AAPL,['2022-01-24 00:00:00'],160.02,162.3,154.7,161.62,175317276
AAPL,['2022-01-25 00:00:00'],158.98,162.76,157.02,159.78,125389277
AAPL,['2022-01-26 00:00:00'],163.5,164.3894,157.82,159.69,116338085
AAPL,['2022-01-27 00:00:00'],162.45,163.84,158.28,159.22,127009128
AAPL,['2022-01-28 00:00:00'],165.71,170.35,162.8,170.33,189144340
AAPL,['2022-01-31 00:00:00'],170.16,175,169.51,174.78,129780591
AMGN,['2022-01-03 00:00:00'],223.63,226.97,222.03,226.69,3203146
AMGN,['2022-01-04 00:00:00'],225.76,228.8,224.25,227.84,3134302
AMGN,['2022-01-05 00:00:00'],227.04,229.87,224.52,225.14,2839658
AMGN,['2022-01-06 00:00:00'],225.14,226.6578,223.69,225.17,2542426
AMGN,['2022-01-07 00:00:00'],223.54,228.19,223.54,227.29,2723888
AMGN,['2022-01-10 00:00:00'],229.25,230.64,226,230.37,3803674
AMGN,['2022-01-11 00:00:00'],230.47,232.51,228.11,232.38,2655355
AMGN,['2022-01-12 00:00:00'],232.38,232.605,228.52,231.76,2222046
AMGN,['2022-01-13 00:00:00'],232.05,233.23,230.33,230.85,2574663
AMGN,['2022-01-14 00:00:00'],230.69,235.8,229.99,235.36,3568498
AMGN,['2022-01-18 00:00:00'],233.52,234.77,231.7,233.83,4533527
AMGN,['2022-01-19 00:00:00'],233.8,234.33,230.7,231.3,2383951
AMGN,['2022-01-20 00:00:00'],233.73,233.73,228.81,228.9,2426860
AMGN,['2022-01-21 00:00:00'],230.6,231.46,227.31,227.72,4680103
AMGN,['2022-01-24 00:00:00'],227.48,229.14,219.98,226.08,5292872
AMGN,['2022-01-25 00:00:00'],224.04,227.5,222.27,225.04,3269374
AMGN,['2022-01-26 00:00:00'],221.62,226.93,221.12,222.54,3263743
AMGN,['2022-01-27 00:00:00'],222.4,228.04,222.305,224,3066606
AMGN,['2022-01-28 00:00:00'],224.05,229.15,222.25,229.14,3016730
AMGN,['2022-01-31 00:00:00'],226.98,227.94,225.52,227.14,5808084
AXP,['2022-01-03 00:00:00'],164.51,168.4,164.4,168.21,3598839
AXP,['2022-01-04 00:00:00'],169.72,174.05,169.6,173.61,5262270
AXP,['2022-01-05 00:00:00'],174.71,176.31,171.5,171.76,4903792
AXP,['2022-01-06 00:00:00'],172.54,173.69,169.75,172.9,3003038
AXP,['2022-01-07 00:00:00'],172.49,175.36,171.8601,174.38,3547531
AXP,['2022-01-10 00:00:00'],176.21,176.21,170.5,173.74,5237832
AXP,['2022-01-11 00:00:00'],174.54,175.72,172.49,175.38,3212969
AXP,['2022-01-12 00:00:00'],176.23,176.82,174.17,174.47,3609139
AXP,['2022-01-13 00:00:00'],174.92,176.375,172.85,173.29,4175448
AXP,['2022-01-14 00:00:00'],168.71,168.71,164.71,168.4,7132894
AXP,['2022-01-18 00:00:00'],167.91,168.94,164.84,166.17,5390690
AXP,['2022-01-19 00:00:00'],166.73,166.73,161.17,161.39,3989770
AXP,['2022-01-20 00:00:00'],161.12,164.57,159.462,160.92,4752242
AXP,['2022-01-21 00:00:00'],159.95,161.8799,157.68,158.74,4543115
AXP,['2022-01-24 00:00:00'],155.82,158.93,153.73,158.93,2321725
AXP,['2022-01-25 00:00:00'],166.14,174.4696,159.66,173.11,14245354
AXP,['2022-01-26 00:00:00'],176.95,179.2247,173.03,175.32,8661919
AXP,['2022-01-27 00:00:00'],176.7,178.2,170.63,171.9,4061219
AXP,['2022-01-28 00:00:00'],171.76,177.21,169.77,177.06,4737280
AXP,['2022-01-31 00:00:00'],175.91,180.13,175.22,179.82,6356775
BA,['2022-01-03 00:00:00'],204,210.55,203.34,207.86,9612721
BA,['2022-01-04 00:00:00'],211.3,214.5555,209.78,213.63,11885612
BA,['2022-01-05 00:00:00'],216.64,218.93,211.81,213.07,12057035
BA,['2022-01-06 00:00:00'],214.64,216,207.86,211.34,7432959
BA,['2022-01-07 00:00:00'],212.98,218.32,212.3825,215.5,10025609
BA,['2022-01-10 00:00:00'],214.26,215.28,207.13,209.31,8820020
BA,['2022-01-11 00:00:00'],209,217.03,208.41,216.02,8446695
BA,['2022-01-12 00:00:00'],217.09,221.24,216.3,217.45,9721705
BA,['2022-01-13 00:00:00'],222.25,226.89,220.05,223.9,18125722
BA,['2022-01-14 00:00:00'],222.16,226.2,220.25,225.96,8446647
BA,['2022-01-18 00:00:00'],224.5,229.67,224.26,225.01,9348267
BA,['2022-01-19 00:00:00'],225.1,225.42,216.94,217.08,9726141
BA,['2022-01-20 00:00:00'],217.38,221.95,213.42,214.19,8261529
BA,['2022-01-21 00:00:00'],213.79,213.79,204.57,205.44,12082936
BA,['2022-01-24 00:00:00'],199.85,204.2,193.94,204.2,4852766
BA,['2022-01-25 00:00:00'],200.1,205.63,197.5501,204.1,9497277
BA,['2022-01-26 00:00:00'],206.214,206.214,191.92,194.27,19401257
BA,['2022-01-27 00:00:00'],196.38,199.7073,188.64,189.75,13123253
BA,['2022-01-28 00:00:00'],188.78,190.72,183.77,190.57,11372008
BA,['2022-01-31 00:00:00'],190.73,200.34,190,200.24,16201190
CAT,['2022-01-03 00:00:00'],207.33,208.6,205.8001,207,2461355
CAT,['2022-01-04 00:00:00'],208.28,218.92,207.94,218.08,5691176
CAT,['2022-01-05 00:00:00'],218.18,223.36,218.18,219.75,5912102
CAT,['2022-01-06 00:00:00'],221.49,222.705,218.06,221.99,4297211
CAT,['2022-01-07 00:00:00'],222.5,225.97,222.23,224.19,4108002
CAT,['2022-01-10 00:00:00'],224.95,225.7532,220.6114,221.64,4135042
CAT,['2022-01-11 00:00:00'],222,222.09,216.59,219.95,3323674
CAT,['2022-01-12 00:00:00'],222.12,223.69,220.07,222.4,2908909
CAT,['2022-01-13 00:00:00'],222.89,227.88,222.64,227,5383631
CAT,['2022-01-14 00:00:00'],224.72,229.64,223.5819,228.94,4376991
CAT,['2022-01-18 00:00:00'],227.71,230.43,226.86,229.87,6115992
CAT,['2022-01-19 00:00:00'],229.66,229.81,220.93,221.66,5638148
CAT,['2022-01-20 00:00:00'],221.08,221.87,216.04,216.63,3987443
CAT,['2022-01-21 00:00:00'],217.51,217.51,212.4196,214.09,4424010
CAT,['2022-01-24 00:00:00'],211.16,214.33,208.05,214.33,2131767
CAT,['2022-01-25 00:00:00'],212.08,216.83,207.1,214.31,4974072
CAT,['2022-01-26 00:00:00'],215,218.88,212.24,214.29,3379449
CAT,['2022-01-27 00:00:00'],215.21,217.9,210.15,212.17,3987001
CAT,['2022-01-28 00:00:00'],205.59,208,196.8,201.16,11294987
CAT,['2022-01-31 00:00:00'],199.45,201.6,194.68,201.56,6992186
CRM,['2022-01-03 00:00:00'],255.01,256.7,248.65,255.46,4761574
CRM,['2022-01-04 00:00:00'],256.85,256.87,243.395,248.23,7786969
CRM,['2022-01-05 00:00:00'],236.17,238.2,227.31,227.67,20301538
CRM,['2022-01-06 00:00:00'],228.04,234.48,226.0532,229.15,9985278
CRM,['2022-01-07 00:00:00'],228.5,232.28,226.05,228.31,6951964
CRM,['2022-01-10 00:00:00'],225.5,229.83,218.89,229.63,8358440
CRM,['2022-01-11 00:00:00'],228.8,236.35,226.56,234.84,8175644
CRM,['2022-01-12 00:00:00'],237,239.28,235.76,237.83,7257422
CRM,['2022-01-13 00:00:00'],237.5,238.79,227.92,228.63,7288789
CRM,['2022-01-14 00:00:00'],228.03,233.29,227.6074,231.23,6493566
CRM,['2022-01-18 00:00:00'],228.45,230.73,225.3,226.06,7025521
CRM,['2022-01-19 00:00:00'],227.47,232.21,226.17,226.27,5993105
CRM,['2022-01-20 00:00:00'],229.07,231.4,222.49,222.94,6439082
CRM,['2022-01-21 00:00:00'],223.06,224.77,218.25,218.63,10153674
CRM,['2022-01-24 00:00:00'],212.39,223.03,210.9,223.03,4391181
CRM,['2022-01-25 00:00:00'],221,223.9,214.67,215.39,10267091
CRM,['2022-01-26 00:00:00'],219.61,221.46,209.07,211,10216622
CRM,['2022-01-27 00:00:00'],214.08,223.15,212.06,212.74,10185476
CRM,['2022-01-28 00:00:00'],214.3,222.29,210.88,222.13,9058038
CRM,['2022-01-31 00:00:00'],222.95,232.91,222.26,232.63,8182772
CSCO,['2022-01-03 00:00:00'],62.9,63.35,62.5,63.16,19969503
CSCO,['2022-01-04 00:00:00'],62.44,62.81,61.11,61.25,34029284
CSCO,['2022-01-05 00:00:00'],61.19,61.64,60.25,60.28,30687590
CSCO,['2022-01-06 00:00:00'],60,61.13,59.91,60.92,22030539
CSCO,['2022-01-07 00:00:00'],60.87,61.5,60.67,61.13,23480806
CSCO,['2022-01-10 00:00:00'],60.865,61.895,60.52,61.82,29007499
CSCO,['2022-01-11 00:00:00'],61.595,62.43,61.44,62.37,26477143
CSCO,['2022-01-12 00:00:00'],62.4,62.8175,61.9201,62.12,15609303
CSCO,['2022-01-13 00:00:00'],62.08,62.15,61.21,61.5,17709591
CSCO,['2022-01-14 00:00:00'],61.4722,61.5,60.94,61.36,21850617
CSCO,['2022-01-18 00:00:00'],59.98,60.22,59.49,59.73,31114464
CSCO,['2022-01-19 00:00:00'],57.995,59.49,57.78,58.9,26930916
CSCO,['2022-01-20 00:00:00'],58.99,59.34,58.02,58.08,19746110
CSCO,['2022-01-21 00:00:00'],58.07,58.34,56.61,56.68,31215214
CSCO,['2022-01-24 00:00:00'],56.16,57,54.87,56.9,38948052
CSCO,['2022-01-25 00:00:00'],56.09,56.6851,55.07,56.11,28559460
CSCO,['2022-01-26 00:00:00'],56.1,56.45,54.855,55.33,33055942
CSCO,['2022-01-27 00:00:00'],55.51,56.53,54.4,54.62,29596920
CSCO,['2022-01-28 00:00:00'],54.5,55.66,53.445,55.61,34989675
CSCO,['2022-01-31 00:00:00'],55.43,55.86,54.87,55.67,36282299
CVX,['2022-01-03 00:00:00'],117.42,119.69,117.29,119.26,12035431
CVX,['2022-01-04 00:00:00'],119.95,121.98,119.66,121.43,17460923
CVX,['2022-01-05 00:00:00'],122.24,123.84,122.07,122.22,17160966
CVX,['2022-01-06 00:00:00'],123.62,124.32,121.64,123.26,14697302
CVX,['2022-01-07 00:00:00'],123.55,125.54,122.95,125.03,15415953
CVX,['2022-01-10 00:00:00'],125.15,125.69,123.86,125.11,14706303
CVX,['2022-01-11 00:00:00'],125.86,128,124.83,127.97,15696856
CVX,['2022-01-12 00:00:00'],127.99,128.4275,126.47,127.33,13521599
CVX,['2022-01-13 00:00:00'],127.14,128.1,126.45,126.8,10610499
CVX,['2022-01-14 00:00:00'],126.76,129.2,126.76,128.96,15196630
CVX,['2022-01-18 00:00:00'],129.69,130,127.87,129.38,14642971
CVX,['2022-01-19 00:00:00'],129.95,130.15,128.5369,128.91,13520704
CVX,['2022-01-20 00:00:00'],128.27,130.86,127.88,128.45,12348072
CVX,['2022-01-21 00:00:00'],127.76,128.4,126.229,126.91,14499665
CVX,['2022-01-24 00:00:00'],124.45,127.18,122.855,127.18,7283944
CVX,['2022-01-25 00:00:00'],127.12,132.74,125.27,132.59,21446582
CVX,['2022-01-26 00:00:00'],132.9,134.71,131.59,132.69,18078958
CVX,['2022-01-27 00:00:00'],134.45,137,133.59,135.37,22361590
CVX,['2022-01-28 00:00:00'],130,132.06,128.07,130.61,26642248
CVX,['2022-01-31 00:00:00'],130.19,131.8559,129.3301,131.33,19637860
DIS,['2022-01-03 00:00:00'],155.83,157.56,155.36,156.76,11631085
DIS,['2022-01-04 00:00:00'],158.59,160.32,155.55,155.73,18120285
DIS,['2022-01-05 00:00:00'],156.52,159.38,155.1,155.19,13419263
DIS,['2022-01-06 00:00:00'],156.24,157.77,153.6791,156.9,12401694
DIS,['2022-01-07 00:00:00'],156.9,159.3,156.29,157.83,11467125
DIS,['2022-01-10 00:00:00'],157.98,158.27,154.65,156.6,9784228
DIS,['2022-01-11 00:00:00'],156.62,158.22,155.9455,157.89,8865659
DIS,['2022-01-12 00:00:00'],158.5,158.99,156.33,157.8,8253121
DIS,['2022-01-13 00:00:00'],157.7,158.53,155.17,155.44,10494327
DIS,['2022-01-14 00:00:00'],152.35,152.62,148.415,151.94,18118800
DIS,['2022-01-18 00:00:00'],151.11,153.13,149.83,152.27,11573563
DIS,['2022-01-19 00:00:00'],150.84,152.86,149.955,150.11,11785992
DIS,['2022-01-20 00:00:00'],150.905,152.66,147.15,147.62,12744120
DIS,['2022-01-21 00:00:00'],141.23,141.87,136.6319,137.38,36592341
DIS,['2022-01-24 00:00:00'],134.82,137.46,130.45,137.46,11059597
DIS,['2022-01-25 00:00:00'],135.29,137.75,132.38,136.51,17216321
DIS,['2022-01-26 00:00:00'],137.707,138.2,132.26,133.6,14865928
DIS,['2022-01-27 00:00:00'],135.07,137.91,134.02,135.42,13049214
DIS,['2022-01-28 00:00:00'],135.21,138.69,133.56,138.63,10920618
DIS,['2022-01-31 00:00:00'],138.86,143.15,138.47,142.97,11570132
DOW,['2022-01-03 00:00:00'],57.2,57.9,56.79,56.87,5747956
DOW,['2022-01-04 00:00:00'],57.25,58.7,57.1,58.41,9882294
DOW,['2022-01-05 00:00:00'],58.79,59.59,58.315,58.35,7244528
DOW,['2022-01-06 00:00:00'],58.49,58.86,57.24,58.24,6364205
DOW,['2022-01-07 00:00:00'],58.63,59.515,58.43,59.1,5148222
DOW,['2022-01-10 00:00:00'],58.84,59.3,57.985,58.4,6043882
DOW,['2022-01-11 00:00:00'],59.05,59.47,58.41,59.18,6362425
DOW,['2022-01-12 00:00:00'],59.515,60.14,58.89,59.26,4219202
DOW,['2022-01-13 00:00:00'],59.3,60.2266,59.2074,59.94,5313046
DOW,['2022-01-14 00:00:00'],59.71,60.83,59.29,60.74,7343791
DOW,['2022-01-18 00:00:00'],60.76,61.1486,59.57,60.2,5391013
DOW,['2022-01-19 00:00:00'],60.76,60.92,59.39,59.84,4845640
DOW,['2022-01-20 00:00:00'],59.9,60.05,57.77,57.81,6417925
DOW,['2022-01-21 00:00:00'],57.68,57.77,56.54,56.72,7253951
DOW,['2022-01-24 00:00:00'],55.7,56.62,54.98,56.62,2314272
DOW,['2022-01-25 00:00:00'],55.89,57.46,54.6393,57.18,6277856
DOW,['2022-01-26 00:00:00'],57.43,58.25,56.65,57.22,5874008
DOW,['2022-01-27 00:00:00'],58.74,61.29,58.74,60.18,12476476
DOW,['2022-01-28 00:00:00'],60.71,61.1,59.07,60.04,7704545
DOW,['2022-01-31 00:00:00'],59.5,60.05,58.28,59.73,10289375
GS,['2022-01-03 00:00:00'],389,399.3,387.34,395.33,3709756
GS,['2022-01-04 00:00:00'],402.23,410.28,401.18,407.48,4341835
GS,['2022-01-05 00:00:00'],409.8,412.6599,397.89,398.63,3911634
GS,['2022-01-06 00:00:00'],401,401.2,386.4332,396.93,3238293
GS,['2022-01-07 00:00:00'],397.67,400.55,394.53,397.51,2810895
GS,['2022-01-10 00:00:00'],401.32,404.37,394.215,399.17,3445693
GS,['2022-01-11 00:00:00'],400.25,403.34,396.31,403.05,2039312
GS,['2022-01-12 00:00:00'],403.24,404.12,388.56,390.31,4529659
GS,['2022-01-13 00:00:00'],394.05,396.865,389.75,390.8,2773550
GS,['2022-01-14 00:00:00'],382.13,384.39,375,380.94,5184339
GS,['2022-01-18 00:00:00'],360.04,361.57,347.23,354.4,13746494
GS,['2022-01-19 00:00:00'],358.34,359.7096,346.39,347.32,8045857
GS,['2022-01-20 00:00:00'],348.9,357.1799,346.1372,348.1,4954873
GS,['2022-01-21 00:00:00'],345.54,348.99,340.72,343.91,5361481
GS,['2022-01-24 00:00:00'],337.32,344.07,326.23,343.39,7163582
GS,['2022-01-25 00:00:00'],337.86,342.93,330.91,341.55,4410115
GS,['2022-01-26 00:00:00'],346.6,350.48,338.4127,342.68,3639162
GS,['2022-01-27 00:00:00'],345.67,348.77,337.72,341.03,2843618
GS,['2022-01-28 00:00:00'],337.73,347.15,333.45,347.01,4118658
GS,['2022-01-31 00:00:00'],344.6,355.21,343.44,354.68,3912706
HD,['2022-01-03 00:00:00'],416.57,417.8446,403.26,408.64,4195373
HD,['2022-01-04 00:00:00'],408.64,413.61,408.19,412.84,3763905
HD,['2022-01-05 00:00:00'],414,414.22,406.81,407.24,5264820
HD,['2022-01-06 00:00:00'],408.56,409.07,403.02,405.76,3824926
HD,['2022-01-07 00:00:00'],403.36,404.09,392.88,393.61,5278933
HD,['2022-01-10 00:00:00'],387.4,387.59,380.91,387.46,7632056
HD,['2022-01-11 00:00:00'],388.07,391.84,384.32,386.67,5000413
HD,['2022-01-12 00:00:00'],388.29,393.45,386.38,389.4,4043223
HD,['2022-01-13 00:00:00'],392.51,394.31,385.86,386.98,3933569
HD,['2022-01-14 00:00:00'],381.33,382.0077,371.5,372,7063437
HD,['2022-01-18 00:00:00'],366.1,368.0894,360.03,366.72,7345536
HD,['2022-01-19 00:00:00'],367.18,368.7,359.41,359.69,5904339
HD,['2022-01-20 00:00:00'],361.33,361.85,349.02,349.58,5914654
HD,['2022-01-21 00:00:00'],351.72,360.09,347.18,349.1,8439422
HD,['2022-01-24 00:00:00'],343.78,364.38,343.61,363.81,9462631
HD,['2022-01-25 00:00:00'],358.14,361.52,352.19,358.98,6218866
HD,['2022-01-26 00:00:00'],360,365.8972,354.545,357.28,6599758
HD,['2022-01-27 00:00:00'],360.43,364.12,353.9061,356.43,4504726
HD,['2022-01-28 00:00:00'],360.17,366.72,352.84,366.54,5126035
HD,['2022-01-31 00:00:00'],364.81,367.41,362.205,366.98,4888051
HON,['2022-01-03 00:00:00'],207.86,209.3499,205.56,206.8,2955851
HON,['2022-01-04 00:00:00'],206.7068,209.55,205.65,209,3796805
HON,['2022-01-05 00:00:00'],209.535,215.58,209.12,211.06,4114692
HON,['2022-01-06 00:00:00'],211.8,214.35,210.62,210.82,3927919
HON,['2022-01-07 00:00:00'],212.15,217.31,211.57,215.75,3402774
HON,['2022-01-10 00:00:00'],215.67,216.46,211.86,213.46,4345109
HON,['2022-01-11 00:00:00'],214.42,216.99,211.52,216.31,4037524
HON,['2022-01-12 00:00:00'],217.49,219.19,217.35,218.25,3622957
HON,['2022-01-13 00:00:00'],218.4,221.89,218.07,219.43,3554187
HON,['2022-01-14 00:00:00'],217.61,217.97,215.36,217.65,4015534
HON,['2022-01-18 00:00:00'],214.88,215.94,212.055,213.59,3583777
HON,['2022-01-19 00:00:00'],214.41,214.77,210.6,210.73,2967324
HON,['2022-01-20 00:00:00'],211.68,214.45,208.725,208.92,2951522
HON,['2022-01-21 00:00:00'],209.26,209.6,204.96,205.1,5320652
HON,['2022-01-24 00:00:00'],204.2,204.78,198.98,204.45,6282876
HON,['2022-01-25 00:00:00'],200.88,203.79,197.91,202.3,5776649
HON,['2022-01-26 00:00:00'],203.1525,205.885,198.72,200.65,3894170
HON,['2022-01-27 00:00:00'],203.07,204.8284,199.26,200.65,3127017
HON,['2022-01-28 00:00:00'],200.38,202.05,196.05,201.99,3931870
HON,['2022-01-31 00:00:00'],200.56,204.98,199.31,204.48,3998561
IBM,['2022-01-03 00:00:00'],134.07,136.295,133.63,136.04,5057251
IBM,['2022-01-04 00:00:00'],136.1,139.95,135.9,138.02,7846947
IBM,['2022-01-05 00:00:00'],138.31,142.2,137.88,138.22,9682794
IBM,['2022-01-06 00:00:00'],138.2,138.4099,132.51,135.34,10543776
IBM,['2022-01-07 00:00:00'],134.9,135.6618,133.5111,134.83,6122560
IBM,['2022-01-10 00:00:00'],134.47,136.2,133.38,135.03,6303898
IBM,['2022-01-11 00:00:00'],130.52,133.25,127.97,132.87,12050472
IBM,['2022-01-12 00:00:00'],133.25,134.47,131.37,133.59,5902509
IBM,['2022-01-13 00:00:00'],133.9,136.05,133.56,134.76,5462448
IBM,['2022-01-14 00:00:00'],134.55,135.14,133.3,134.21,6002246
IBM,['2022-01-18 00:00:00'],132.95,133.89,131.78,132.94,6476419
IBM,['2022-01-19 00:00:00'],132.9,133.9,131.5,131.58,4662940
IBM,['2022-01-20 00:00:00'],131.26,132.88,130.5705,130.82,6121723
IBM,['2022-01-21 00:00:00'],131.65,131.87,129.27,129.35,6754157
IBM,['2022-01-24 00:00:00'],127.99,129.15,124.193,128.82,14776463
IBM,['2022-01-25 00:00:00'],129.14,137.3361,128.3,136.1,20840133
IBM,['2022-01-26 00:00:00'],136.47,137.07,133.13,134.26,8240554
IBM,['2022-01-27 00:00:00'],133.66,134.75,132.08,132.52,6010397
IBM,['2022-01-28 00:00:00'],133.19,134.53,131.79,134.5,6247353
IBM,['2022-01-31 00:00:00'],134.09,134.09,132.3,133.57,7227907
INTC,['2022-01-03 00:00:00'],51.65,53.23,51.6,53.21,38014016
INTC,['2022-01-04 00:00:00'],53.57,53.935,52.65,53.14,50702086
INTC,['2022-01-05 00:00:00'],54.188,56.17,53.83,53.87,63859274
INTC,['2022-01-06 00:00:00'],54.6,54.67,53.415,54.01,41827006
INTC,['2022-01-07 00:00:00'],54.19,54.39,53.15,53.44,35775799
INTC,['2022-01-10 00:00:00'],53.97,55.31,53.31,55.21,55266377
INTC,['2022-01-11 00:00:00'],55.5,56.08,54.73,55.91,43713810
INTC,['2022-01-12 00:00:00'],56.1363,56.28,54.81,55.74,31554910
INTC,['2022-01-13 00:00:00'],56,56.21,54.77,54.94,33503516
INTC,['2022-01-14 00:00:00'],54.85,55.77,54.53,55.7,33684796
INTC,['2022-01-18 00:00:00'],55.31,55.65,54.68,54.76,42007861
INTC,['2022-01-19 00:00:00'],54.63,54.85,53.56,53.62,35815355
INTC,['2022-01-20 00:00:00'],53.86,54.085,51.94,52.04,31630242
INTC,['2022-01-21 00:00:00'],52.08,53.1299,51.95,52.04,52720892
INTC,['2022-01-24 00:00:00'],51.48,52.1291,49.88,51.94,70809032
INTC,['2022-01-25 00:00:00'],51.01,51.62,50.25,51,49050212
INTC,['2022-01-26 00:00:00'],51.13,52.72,50.75,51.69,59574281
INTC,['2022-01-27 00:00:00'],49.98,50.06,47.78,48.05,94699992
INTC,['2022-01-28 00:00:00'],47.71,48.2,46.3,47.73,67761756
INTC,['2022-01-31 00:00:00'],47.68,48.87,47.305,48.82,60297117
JNJ,['2022-01-03 00:00:00'],170.21,171.6,169.1,171.54,7328863
JNJ,['2022-01-04 00:00:00'],171.06,172.29,170.595,171.08,7779640
JNJ,['2022-01-05 00:00:00'],172,173.47,171.62,172.22,8459526
JNJ,['2022-01-06 00:00:00'],172.15,172.5,170.8,171.63,8696379
JNJ,['2022-01-07 00:00:00'],171.46,174.3,171.13,173.95,7960827
JNJ,['2022-01-10 00:00:00'],173.69,173.69,172.155,173.09,9123597
JNJ,['2022-01-11 00:00:00'],172.99,173.39,170.11,171.25,9416512
JNJ,['2022-01-12 00:00:00'],169.61,170.08,168.34,169.79,10002261
JNJ,['2022-01-13 00:00:00'],169,170.42,168.46,168.76,7097632
JNJ,['2022-01-14 00:00:00'],168.625,168.65,167.15,167.84,7224968
JNJ,['2022-01-18 00:00:00'],167.1,167.715,166.01,167.1,9385145
JNJ,['2022-01-19 00:00:00'],167.2,168.72,166.3165,166.58,7311195
JNJ,['2022-01-20 00:00:00'],167.29,167.859,164.93,165.25,7177731
JNJ,['2022-01-21 00:00:00'],166.19,167.99,164.47,164.87,12765994
JNJ,['2022-01-24 00:00:00'],164,164.17,158.26,162.97,16727634
JNJ,['2022-01-25 00:00:00'],162.36,168.41,161.58,167.63,16790988
JNJ,['2022-01-26 00:00:00'],167.54,169.22,166.23,168.38,11368613
JNJ,['2022-01-27 00:00:00'],169.39,171.91,169,170.59,10665485
JNJ,['2022-01-28 00:00:00'],170.86,171.84,169.3,171.79,11011586
JNJ,['2022-01-31 00:00:00'],171.5,172.62,170.82,172.29,9922602
JPM,['2022-01-03 00:00:00'],159.86,162.64,159.51,161.7,14966571
JPM,['2022-01-04 00:00:00'],164.31,168.58,164.23,167.83,22485046
JPM,['2022-01-05 00:00:00'],167.82,168.3589,163.73,163.78,20295694
JPM,['2022-01-06 00:00:00'],166.91,167.37,163.87,165.52,17076363
JPM,['2022-01-07 00:00:00'],165.665,167.53,165.06,167.16,15958262
JPM,['2022-01-10 00:00:00'],169.07,169.31,165.53,167.32,14894916
JPM,['2022-01-11 00:00:00'],168.26,168.5246,166.31,167.49,13759221
JPM,['2022-01-12 00:00:00'],168.46,169.59,167.18,168.44,14208484
JPM,['2022-01-13 00:00:00'],168.34,169.81,167.89,168.23,14874731
JPM,['2022-01-14 00:00:00'],160.76,161.03,156.895,157.89,43684375
JPM,['2022-01-18 00:00:00'],155.78,155.78,150.54,151.27,35362654
JPM,['2022-01-19 00:00:00'],151.57,152.23,148.55,148.93,24689510
JPM,['2022-01-20 00:00:00'],148.99,150.61,147.36,147.66,16370324
JPM,['2022-01-21 00:00:00'],147.5,147.51,144.27,145.08,22890630
JPM,['2022-01-24 00:00:00'],142.28,145.48,139.57,144.95,32553567
JPM,['2022-01-25 00:00:00'],143.65,146.85,140.79,146.53,20943767
JPM,['2022-01-26 00:00:00'],148.72,150.57,145.96,147.92,21779772
JPM,['2022-01-27 00:00:00'],149.42,150.38,144.13,145.31,19336178
JPM,['2022-01-28 00:00:00'],144.19,146.76,142.17,146.61,15546437
JPM,['2022-01-31 00:00:00'],145.64,148.79,144.67,148.6,16235857
KO,['2022-01-03 00:00:00'],58.82,59.31,58.375,59.3,22864154
KO,['2022-01-04 00:00:00'],59.73,60.535,59.59,60.29,29504804
KO,['2022-01-05 00:00:00'],60.09,61.195,60.05,60.79,25432900
KO,['2022-01-06 00:00:00'],60.465,61.115,60.435,60.47,21025139
KO,['2022-01-07 00:00:00'],60.275,60.72,60.06,60.33,14392138
KO,['2022-01-10 00:00:00'],60.55,60.82,60.18,60.43,26207645
KO,['2022-01-11 00:00:00'],60.43,60.49,59.84,60.45,21845911
KO,['2022-01-12 00:00:00'],60.53,60.685,60.19,60.54,17809939
KO,['2022-01-13 00:00:00'],60.54,61.04,60.385,60.9,16153405
KO,['2022-01-14 00:00:00'],60.94,61.45,60.36,61.39,23459460
KO,['2022-01-18 00:00:00'],61.06,61.19,60.45,60.9,25785871
KO,['2022-01-19 00:00:00'],60.66,61.18,60.555,61,20673144
KO,['2022-01-20 00:00:00'],61,61.44,60.72,60.75,25361272
KO,['2022-01-21 00:00:00'],61.08,61.3,60.3982,60.45,29987638
KO,['2022-01-24 00:00:00'],59.9,60.35,59.36,59.96,8789128
KO,['2022-01-25 00:00:00'],59.36,60.045,58.69,59.82,21207134
KO,['2022-01-26 00:00:00'],59.79,60.345,59.21,59.6,20405393
KO,['2022-01-27 00:00:00'],59.88,60.925,59.5,59.65,20885020
KO,['2022-01-28 00:00:00'],59.39,60.89,58.94,60.84,21204204
KO,['2022-01-31 00:00:00'],60.3,61.14,60.15,61.01,26374372
MCD,['2022-01-03 00:00:00'],269.49,270.73,265.56,268.58,3277394
MCD,['2022-01-04 00:00:00'],269.5,271.15,268.27,268.51,3120679
MCD,['2022-01-05 00:00:00'],269.3,270.28,266.9,267.19,2846557
MCD,['2022-01-06 00:00:00'],268.12,270.76,267.8,269.69,3295594
MCD,['2022-01-07 00:00:00'],268.56,270.17,267,267.06,2639496
MCD,['2022-01-10 00:00:00'],266.715,266.72,262.01,264.41,3986636
MCD,['2022-01-11 00:00:00'],263.49,263.95,260.32,262.12,3602790
MCD,['2022-01-12 00:00:00'],263.37,263.95,260.28,260.92,3729058
MCD,['2022-01-13 00:00:00'],261.41,263.85,260.5883,261.41,2716514
MCD,['2022-01-14 00:00:00'],261.14,261.24,257.16,257.71,4077458
MCD,['2022-01-18 00:00:00'],256.96,257.1,254.31,256.48,3843264
MCD,['2022-01-19 00:00:00'],257.55,257.95,255.08,255.22,2686912
MCD,['2022-01-20 00:00:00'],256.62,258.11,252.9,253.13,2934747
MCD,['2022-01-21 00:00:00'],254.04,258.46,253.685,254.59,4437415
MCD,['2022-01-24 00:00:00'],252.38,253.61,249.71,253.61,1867442
MCD,['2022-01-25 00:00:00'],250.83,252.53,247.0701,250.68,4762262
MCD,['2022-01-26 00:00:00'],253,254.21,247.86,249.85,4139835
MCD,['2022-01-27 00:00:00'],249.6,252.464,245.25,248.74,5623447
MCD,['2022-01-28 00:00:00'],250,256.3453,247.16,256.09,4336204
MCD,['2022-01-31 00:00:00'],255.02,259.5,254.44,259.45,4042397
MMM,['2022-01-03 00:00:00'],178.32,179.09,175.84,177.74,2382513
MMM,['2022-01-04 00:00:00'],178.48,181.26,178.025,180.23,2957284
MMM,['2022-01-05 00:00:00'],177.13,181.78,177,179.49,3451400
MMM,['2022-01-06 00:00:00'],180.88,181.28,177.54,178,2956627
MMM,['2022-01-07 00:00:00'],178.13,180.49,177.22,179.95,3283780
MMM,['2022-01-10 00:00:00'],179.45,179.83,176.78,177.41,2738525
MMM,['2022-01-11 00:00:00'],178,179.55,176.42,178.98,2606806
MMM,['2022-01-12 00:00:00'],179,180.01,178.59,179.42,2071608
MMM,['2022-01-13 00:00:00'],179.88,181.34,179.03,181.02,2505270
MMM,['2022-01-14 00:00:00'],180.86,180.86,177.67,178.74,2833493
MMM,['2022-01-18 00:00:00'],178.18,178.55,176.17,178.28,3016261
MMM,['2022-01-19 00:00:00'],179.83,180.87,177.63,178.48,2261130
MMM,['2022-01-20 00:00:00'],178.58,179.2191,173.31,173.57,3205737
MMM,['2022-01-21 00:00:00'],173.4,176.02,172.56,172.65,4369432
MMM,['2022-01-24 00:00:00'],171.86,172.8,169.7489,172.8,1798557
MMM,['2022-01-25 00:00:00'],173.53,174.5599,168.01,173.75,5613744
MMM,['2022-01-26 00:00:00'],174.28,175.25,168.2,169.3,4675295
MMM,['2022-01-27 00:00:00'],169.1,172.12,168.44,170.16,3148039
MMM,['2022-01-28 00:00:00'],168.39,168.75,160.5371,163.1,6742288
MMM,['2022-01-31 00:00:00'],162.7,166.29,161.59,166.02,6416188
MRK,['2022-01-03 00:00:00'],76.58,76.94,75.35,76.87,10929154
MRK,['2022-01-04 00:00:00'],76.4,77.27,75.8894,77.01,14065670
MRK,['2022-01-05 00:00:00'],77.26,79.81,77.26,78.88,19313607
MRK,['2022-01-06 00:00:00'],78.79,79.58,77.95,78.83,12440617
MRK,['2022-01-07 00:00:00'],78.86,80.53,78.46,80.3,17844056
MRK,['2022-01-10 00:00:00'],80.54,82.45,79.67,82.37,22411930
MRK,['2022-01-11 00:00:00'],82.42,82.56,80.65,81.67,12877954
MRK,['2022-01-12 00:00:00'],81.08,81.42,80.67,81.2,15636248
MRK,['2022-01-13 00:00:00'],80.93,81.72,80.33,81.32,10707080
MRK,['2022-01-14 00:00:00'],81.6,81.8521,80.765,81.38,10798829
MRK,['2022-01-18 00:00:00'],81.1,82.16,80.805,81.54,16664038
MRK,['2022-01-19 00:00:00'],80.98,81.98,80.4801,81.29,12638197
MRK,['2022-01-20 00:00:00'],80.73,81.86,80.52,80.75,13312028
MRK,['2022-01-21 00:00:00'],81.27,81.52,79.24,79.98,22067936
MRK,['2022-01-24 00:00:00'],79.77,80.11,77.95,78.83,6165469
MRK,['2022-01-25 00:00:00'],78.42,79.775,77.775,79.46,15324545
MRK,['2022-01-26 00:00:00'],79.39,80.34,78.73,79.14,13095530
MRK,['2022-01-27 00:00:00'],78.42,81.595,78.42,80.58,22708191
MRK,['2022-01-28 00:00:00'],79.54,80.99,79.18,80.9,15910675
MRK,['2022-01-31 00:00:00'],81.02,81.72,80.8,81.48,15996783
MSFT,['2022-01-03 00:00:00'],335.35,338,329.78,334.75,32126045
MSFT,['2022-01-04 00:00:00'],334.83,335.2,326.12,329.01,36352727
MSFT,['2022-01-05 00:00:00'],325.76,326.07,315.98,316.38,44127998
MSFT,['2022-01-06 00:00:00'],313.15,318.7,311.49,313.88,44158209
MSFT,['2022-01-07 00:00:00'],314.15,316.5,310.09,314.04,36145004
MSFT,['2022-01-10 00:00:00'],309.485,314.72,304.69,314.27,51099073
MSFT,['2022-01-11 00:00:00'],313.38,316.61,309.89,314.98,32897321
MSFT,['2022-01-12 00:00:00'],319.67,323.41,317.08,318.27,38027410
MSFT,['2022-01-13 00:00:00'],320.4658,320.88,304,304.8,49579197
MSFT,['2022-01-14 00:00:00'],304.25,310.82,303.75,310.2,43214321
MSFT,['2022-01-18 00:00:00'],304.07,309.8,301.74,302.65,47802517
MSFT,['2022-01-19 00:00:00'],306.29,313.9093,302.7,303.33,49941640
MSFT,['2022-01-20 00:00:00'],309.07,311.6494,301.14,301.6,38682272
MSFT,['2022-01-21 00:00:00'],302.685,304.11,295.61,296.03,65055364
MSFT,['2022-01-24 00:00:00'],292.2,297.11,276.05,296.37,93118030
MSFT,['2022-01-25 00:00:00'],291.52,294.99,285.17,288.49,78193565
MSFT,['2022-01-26 00:00:00'],307.985,308.5,293.03,296.71,95847857
MSFT,['2022-01-27 00:00:00'],302.66,307.3,297.93,299.84,56478310
MSFT,['2022-01-28 00:00:00'],300.23,308.48,294.45,308.26,54397943
MSFT,['2022-01-31 00:00:00'],308.95,312.38,306.37,310.98,53356959
NKE,['2022-01-03 00:00:00'],167.53,167.91,163.31,164.67,6824167
NKE,['2022-01-04 00:00:00'],165.88,167.18,165,166.39,6796143
NKE,['2022-01-05 00:00:00'],166.49,167.01,162.095,162.25,6333984
NKE,['2022-01-06 00:00:00'],162.09,163.19,159.06,161.04,4731268
NKE,['2022-01-07 00:00:00'],160.77,161.14,156.86,156.97,5810326
NKE,['2022-01-10 00:00:00'],150.52,151.33,148.775,150.44,12047477
NKE,['2022-01-11 00:00:00'],150.48,150.84,147.6,150.3,9105645
NKE,['2022-01-12 00:00:00'],152.13,153.46,150.74,152.21,7563509
NKE,['2022-01-13 00:00:00'],153.2,153.6,149.02,149.59,5786181
NKE,['2022-01-14 00:00:00'],148.39,148.84,146.8538,148.18,6900560
NKE,['2022-01-18 00:00:00'],148.06,148.83,146.3,146.95,7870988
NKE,['2022-01-19 00:00:00'],147.76,149.1,145.02,145.11,5393808
NKE,['2022-01-20 00:00:00'],145.46,147.3802,142.5,142.73,6218920
NKE,['2022-01-21 00:00:00'],144.32,146.359,142.85,142.95,9019159
NKE,['2022-01-24 00:00:00'],140.81,146,139.56,146,3263697
NKE,['2022-01-25 00:00:00'],144.97,147.96,142.515,145.48,9302275
NKE,['2022-01-26 00:00:00'],147.78,148.97,142.73,143.99,8009917
NKE,['2022-01-27 00:00:00'],144.99,147.35,143.58,144.64,7298512
NKE,['2022-01-28 00:00:00'],144.12,146.03,140.61,145.91,6793524
NKE,['2022-01-31 00:00:00'],146.27,148.18,145.22,148.07,8422592
PG,['2022-01-03 00:00:00'],161.69,162.94,159.88,162.9,11769144
PG,['2022-01-04 00:00:00'],162.29,164.39,162.18,163.47,11721171
PG,['2022-01-05 00:00:00'],163.44,165.32,163.4,164.21,11186169
PG,['2022-01-06 00:00:00'],164.34,165.2,162.61,162.83,9034692
PG,['2022-01-07 00:00:00'],163.13,163.53,161.95,162.74,7865027
PG,['2022-01-10 00:00:00'],162.51,163.12,160.17,160.52,9571315
PG,['2022-01-11 00:00:00'],160.22,160.22,156.91,158.66,13716495
PG,['2022-01-12 00:00:00'],158.26,159.36,157.83,159.01,8922979
PG,['2022-01-13 00:00:00'],159.31,159.45,157.7819,158.29,7853610
PG,['2022-01-14 00:00:00'],158.07,160.49,157.56,159.81,12363552
PG,['2022-01-18 00:00:00'],158.53,158.53,156.04,156.73,13579641
PG,['2022-01-19 00:00:00'],157.61,164.19,156.97,162,15954794
PG,['2022-01-20 00:00:00'],160.12,164.33,160.12,162,12734306
PG,['2022-01-21 00:00:00'],163,165.35,162.1,162.62,12647617
PG,['2022-01-24 00:00:00'],163.43,164.12,161.3,161.3,6239291
PG,['2022-01-25 00:00:00'],160.45,161.3,157.885,159.54,10653518
PG,['2022-01-26 00:00:00'],157.34,159.57,156.38,158.15,12085386
PG,['2022-01-27 00:00:00'],158.73,161.345,158.58,159.13,10234702
PG,['2022-01-28 00:00:00'],158.61,160.95,157.32,160.5,10640474
PG,['2022-01-31 00:00:00'],159.35,160.65,158.87,160.45,11176276
TRV,['2022-01-03 00:00:00'],156.92,157.24,154.93,155.75,1301344
TRV,['2022-01-04 00:00:00'],157.55,160.36,157.21,159,1886845
TRV,['2022-01-05 00:00:00'],160.5,161.61,159.73,159.77,2060583
TRV,['2022-01-06 00:00:00'],163.23,163.28,161.72,162.33,1645014
TRV,['2022-01-07 00:00:00'],162.255,166.68,161.49,166.24,1912903
TRV,['2022-01-10 00:00:00'],167.62,168.31,162.93,164.06,1422914
TRV,['2022-01-11 00:00:00'],164.71,164.84,160.44,163.16,1386329
TRV,['2022-01-12 00:00:00'],163.33,164.18,162.025,162.97,1220857
TRV,['2022-01-13 00:00:00'],163.41,164.71,162.55,163.05,1040910
TRV,['2022-01-14 00:00:00'],162.51,163.51,161.19,163.21,1683191
TRV,['2022-01-18 00:00:00'],163.52,164.4,161.48,163.57,2089838
TRV,['2022-01-19 00:00:00'],164.73,164.73,160.07,160.07,1720811
TRV,['2022-01-20 00:00:00'],162.44,169.49,162,165.18,3139037
TRV,['2022-01-21 00:00:00'],165.33,167.08,162.26,162.61,2656241
TRV,['2022-01-24 00:00:00'],162,168.83,160.905,168.83,1101109
TRV,['2022-01-25 00:00:00'],168.59,169.5662,163.78,168.6,2528048
TRV,['2022-01-26 00:00:00'],168.34,169.49,166.425,167.86,1477027
TRV,['2022-01-27 00:00:00'],168.81,171.4637,164.6,165.66,2372334
TRV,['2022-01-28 00:00:00'],166.09,166.84,163.42,166.82,1492869
TRV,['2022-01-31 00:00:00'],164.88,166.34,163.73,166.18,1789935
UNH,['2022-01-03 00:00:00'],500,502.9,493.05,502.28,3659406
UNH,['2022-01-04 00:00:00'],503.2,503.75,490.88,490.9,4545510
UNH,['2022-01-05 00:00:00'],494.77,497,489.69,489.69,4873756
UNH,['2022-01-06 00:00:00'],480,484.135,463.12,469.65,7121136
UNH,['2022-01-07 00:00:00'],467.69,467.97,455.55,458.6,6084406
UNH,['2022-01-10 00:00:00'],456,465.86,454.44,465,6522208
UNH,['2022-01-11 00:00:00'],467.2,470.445,460.67,469,3914593
UNH,['2022-01-12 00:00:00'],468.97,475.32,466.34,473.72,3989810
UNH,['2022-01-13 00:00:00'],475.89,476.55,465.98,467.43,3431274
UNH,['2022-01-14 00:00:00'],469.89,473.1699,465.08,468.69,4221937
UNH,['2022-01-18 00:00:00'],465.17,465.71,458.35,460.99,5018031
UNH,['2022-01-19 00:00:00'],468.0001,475.49,461.51,462.52,4432925
UNH,['2022-01-20 00:00:00'],464.38,471.63,462,463,3621674
UNH,['2022-01-21 00:00:00'],463.5,470.79,461.07,461.17,4815132
UNH,['2022-01-24 00:00:00'],458.07,462.27,450.7205,462.27,1780749
UNH,['2022-01-25 00:00:00'],454.07,459.49,447.27,456.84,3930815
UNH,['2022-01-26 00:00:00'],457.56,463.88,453.45,458.43,3212811
UNH,['2022-01-27 00:00:00'],458.08,468.68,457.0144,461.6,4360854
UNH,['2022-01-28 00:00:00'],461.4,466.28,455.08,466.06,3887702
UNH,['2022-01-31 00:00:00'],465,473.18,464.4,472.57,4102430
V,['2022-01-03 00:00:00'],217.52,222.06,217.0101,221.43,8992766
V,['2022-01-04 00:00:00'],222,226.79,221.81,222.46,11490468
V,['2022-01-05 00:00:00'],222.64,225.27,219.92,220,10392428
V,['2022-01-06 00:00:00'],217.8,221.91,217.55,219.75,8693307
V,['2022-01-07 00:00:00'],217.31,220.2,215.64,216.96,12681083
V,['2022-01-10 00:00:00'],213.975,214.2,206.5,211.97,13283734
V,['2022-01-11 00:00:00'],211.42,214.945,208.74,214.38,9907224
V,['2022-01-12 00:00:00'],214.48,217.58,213.8101,215.71,8295759
V,['2022-01-13 00:00:00'],216.85,220.48,214.655,215,9718784
V,['2022-01-14 00:00:00'],214.17,218.245,213.71,214.67,10114582
V,['2022-01-18 00:00:00'],215.88,216.905,214.33,215.71,10169671
V,['2022-01-19 00:00:00'],213,218.23,212.105,214.68,11209477
V,['2022-01-20 00:00:00'],214.72,219.603,213.94,214.35,9311207
V,['2022-01-21 00:00:00'],215.46,215.5998,205.82,205.93,19224907
V,['2022-01-24 00:00:00'],202.18,202.72,199.7205,201.85,5823332
V,['2022-01-25 00:00:00'],199.62,205.38,196.99,202,13282816
V,['2022-01-26 00:00:00'],204.28,210.86,204.25,205.87,8143338
V,['2022-01-27 00:00:00'],209.5,210.96,205.85,206.15,14199601
V,['2022-01-28 00:00:00'],220.64,228.12,216.1,228,28901501
V,['2022-01-31 00:00:00'],225.55,226.38,222.05,226.17,14589720
VZ,['2022-01-03 00:00:00'],52.07,52.56,51.98,52.44,20398016
VZ,['2022-01-04 00:00:00'],52.64,53.71,52.55,53.47,29420233
VZ,['2022-01-05 00:00:00'],53.84,54.64,53.51,54.02,31524074
VZ,['2022-01-06 00:00:00'],54.48,54.55,53.66,53.76,24115565
VZ,['2022-01-07 00:00:00'],53.26,54.36,53.26,54.24,29438109
VZ,['2022-01-10 00:00:00'],54.49,54.83,53.81,53.87,27409129
VZ,['2022-01-11 00:00:00'],53.92,54.08,53.16,53.59,20706500
VZ,['2022-01-12 00:00:00'],53.39,53.66,53.09,53.45,14687966
VZ,['2022-01-13 00:00:00'],53.515,54.03,53.175,53.52,20812717
VZ,['2022-01-14 00:00:00'],53.59,53.7,53.075,53.28,21465074
VZ,['2022-01-18 00:00:00'],53.1,53.57,52.58,53.43,25961581
VZ,['2022-01-19 00:00:00'],53.47,53.68,52.87,53.5,20209066
VZ,['2022-01-20 00:00:00'],53.49,53.94,53.08,53.4,28862438
VZ,['2022-01-21 00:00:00'],53.73,53.9,53.07,53.16,29459208
VZ,['2022-01-24 00:00:00'],53.11,53.71,52.96,52.96,10740460
VZ,['2022-01-25 00:00:00'],53.13,53.85,52.2619,52.9,35365053
VZ,['2022-01-26 00:00:00'],52.62,52.86,50.96,51.02,31450537
VZ,['2022-01-27 00:00:00'],50.91,52.07,50.81,51.19,37290397
VZ,['2022-01-28 00:00:00'],51.44,52.93,51.185,52.9,33278773
VZ,['2022-01-31 00:00:00'],52.52,53.32,52.21,53.23,29792924
WBA,['2022-01-03 00:00:00'],52.26,53.18,52.26,53.06,8398482
WBA,['2022-01-04 00:00:00'],53.18,54.07,53.09,53.48,7664885
WBA,['2022-01-05 00:00:00'],53.69,54.8,53.58,54,8406803
WBA,['2022-01-06 00:00:00'],53.99,54.49,52.29,52.44,13367493
WBA,['2022-01-07 00:00:00'],52.24,54.15,51.9,53.84,8726090
WBA,['2022-01-10 00:00:00'],53.93,54.555,53.16,53.73,7514965
WBA,['2022-01-11 00:00:00'],53.98,55,53.62,54.33,7518229
WBA,['2022-01-12 00:00:00'],54.53,54.67,53.445,53.91,6032200
WBA,['2022-01-13 00:00:00'],54.19,54.715,53.56,54.19,7920771
WBA,['2022-01-14 00:00:00'],54.12,54.39,53.45,54.3,5073658
WBA,['2022-01-18 00:00:00'],54.09,54.35,53.2,53.52,5902612
WBA,['2022-01-19 00:00:00'],53.47,53.845,52.98,53.53,6441434
WBA,['2022-01-20 00:00:00'],53.53,54.27,53.02,53.18,6715118
WBA,['2022-01-21 00:00:00'],53.25,53.455,52.2,52.5,9639722
WBA,['2022-01-24 00:00:00'],52.41,52.77,50.62,52.38,8868953
WBA,['2022-01-25 00:00:00'],51.7,51.87,50.295,50.99,8613082
WBA,['2022-01-26 00:00:00'],50.99,51.51,49.19,49.76,10345681
WBA,['2022-01-27 00:00:00'],50.21,50.73,49.725,50,6605870
WBA,['2022-01-28 00:00:00'],49.94,50.49,49.32,50.46,6348414
WBA,['2022-01-31 00:00:00'],50.04,50.095,49.005,49.76,14324001
WMT,['2022-01-03 00:00:00'],144,144.7899,143.01,144.65,8017398
WMT,['2022-01-04 00:00:00'],144.04,145.1399,141.76,142,13172243
WMT,['2022-01-05 00:00:00'],142.85,145.95,142.7399,143.92,13115814
WMT,['2022-01-06 00:00:00'],143.62,144.64,142.4,143.52,8121528
WMT,['2022-01-07 00:00:00'],143.5,145.36,142.96,144.89,7979498
WMT,['2022-01-10 00:00:00'],145.44,145.59,143.12,144.61,8729400
WMT,['2022-01-11 00:00:00'],144.21,144.62,143.175,144.2,8191726
WMT,['2022-01-12 00:00:00'],143.68,143.9601,143,143.44,7003461
WMT,['2022-01-13 00:00:00'],143.43,145.68,143.11,145.47,8897878
WMT,['2022-01-14 00:00:00'],144.22,146.63,144.22,145.06,9891950
WMT,['2022-01-18 00:00:00'],144.41,144.7,142.13,142.52,7997050
WMT,['2022-01-19 00:00:00'],142.54,144.99,141.92,143.94,8369010
WMT,['2022-01-20 00:00:00'],142.35,144.46,141.07,141.22,8370954
WMT,['2022-01-21 00:00:00'],141.22,142.2616,140.06,140.19,9575185
WMT,['2022-01-24 00:00:00'],139.07,140.25,138.06,140.2,3277713
WMT,['2022-01-25 00:00:00'],139.99,140.37,136.81,137.15,10732993
WMT,['2022-01-26 00:00:00'],137.34,138.79,135.75,135.75,6005017
WMT,['2022-01-27 00:00:00'],136.92,139.08,135.37,135.84,9900019
WMT,['2022-01-28 00:00:00'],136,137.57,133.95,137.52,9296969
WMT,['2022-01-31 00:00:00'],137.09,140.04,136.7,139.81,7906559
